State;County;TxMalad;DecesTx;MedAge;naissance;assurPub;PctAfro
Texas;Tom;443;159,3;33,8;5,508398049;15,3;1,68099829121152
Michigan;Lenawee;425,8;177,6;40,9;4,630064868;17,5;1,29336804358173
Texas;Cass;374,4;179;43,25;3,991528185;21,5;2,9055047762073
Ohio;Defiance;446,9;188,6;39,5;6,066465257;14,7;1,05421263772429
Pennsylvania;Schuylkill;485,5;186,6;43,8;4,779878415;16,6;1,32468495207527
West Virginia;Hancock;495;184,1;46;5,693029274;17,1;1,17505976554528
Wisconsin;Kenosha;470,4;188,1;37,35;4,702469467;18,6;2,12598560692326
Tennessee;Lawrence;438,8;187,3;40,05;7,666385847;20,7;1,06528710741081
Maryland;Cecil;484,3;195,5;40;4,297102051;17,5;2,04879323874039
North Dakota;Oliver;338,6;137,6;47,7;15,4340836;7,8;0,285067332246101
Texas;Donley;386,3;202,7;43;0,284090909;21,7;1,89578129659241
Illinois;Woodford;469,4;163,5;39,9;6,403882576;12,6;0,459341197640249
Georgia;Paulding;495,4;173,2;34,95;4,002336389;12,9;2,92026130209244
Virginia;Clarke;417,9;197,4;45,45;6,678141136;9,9;1,86916808025157
Illinois;Fulton;506,5;193,1;42,25;5,418650238;18,9;1,51544998658659
Illinois;Richland;505,5;179,3;42,75;4,929577465;19,9;0,360505880222828
Iowa;Mills;486;194,9;42,25;3,293509848;12,8;0,542299253884033
Illinois;Douglas;475,1;177,5;38,5;6,28798504;15,8;0,394884429627668
Georgia;Forsyth;480,8;129,9;37,85;5,246691229;8,1;1,3624331819929
Arkansas;Mississippi;403,3;236,4;35,55;7,372578522;30;3,57360058014459
Florida;Hamilton;336,8;188,4;40,85;7,14920071;28,4;3,55806356915884
Kentucky;Elliott;343,2;163,8;42,7;7,352941176;34,7;1,23738880131902
Texas;Refugio;522,1;217,1;42;8,271186441;19,9;1,96608262363583
Kentucky;Monroe;511,5;227,9;42,25;3,581020591;30,3;1,27084545473185
Oklahoma;Major;478,7;182,3;41,45;5,897114178;16,3;0,310154928570506
Kentucky;Todd;453,4;183,7;37,15;6,25698324;24,4;2,24662460111194
Indiana;Dearborn;439,8;193,8;41,65;3,263424336;12,5;0,583941307650222
Michigan;Montcalm;475,3;184,5;40,1;5,831775701;20,5;1,13646626152647
Georgia;Crawford;468,9;197,9;43,55;2,190865206;23,4;3,1754019133724
West Virginia;Jackson;475,8;194,2;42,65;4,735242361;21,3;0,508690449903779
Arkansas;Howard;434,6;220,6;38,75;5,693717277;26,7;3,12676377148148
Georgia;Montgomery;437;163,1;39,1;6,796116505;22,6;3,31113212085804
Virginia;Washington;420,8;176,7;44,65;5,091597145;17,7;0,91234937492116
Mississippi;Marion;462,7;205,5;38,9;7,310838446;27,1;3,50541856062235
Georgia;Muscogee;504,8;190;33,5;6,992367626;19,3;3,82357873368043
New York;Rensselaer;536,3;188,4;39,6;4,18906927;15,9;1,96186369128402
Minnesota;Le;453,5494221;166,9;41,25;7,140456989;14,3;0,464933411135831
Illinois;Iroquois;485,8;185;44,1;6,404437721;20,9;0,85702563026618
Connecticut;New;490,4;162,6;40,6;4,578351666;17,5;1,88965307879913
Kansas;Haskell;453,5494221;122,6;35,55;5,965292842;17,8;0
Pennsylvania;Adams;470,7;165,3;42,85;4,47016211;11,4;0,935558160683053
Arkansas;Desha;455,6;186,9;39,4;5,621925509;32,7;3,89298683438132
Alabama;Monroe;444,1;187;40,55;6,012145749;26,7;3,76650980362064
Colorado;Fremont;454,3;166,2;44,75;5,417177079;27,1;1,83036661774674
Florida;Brevard;464,8;181,2;46,5;4,967904974;18,3;2,42310883437192
Washington;Yakima;411;169,4;32,6;6,560611666;22,4;0,611252238809479
Pennsylvania;Montour;490,8;152,6;43,45;3,59080341;13,7;0,98594903988244
Rhode Island;Providence;473,3;173,6;37,05;4,931882987;21,3;2,36125698057127
Indiana;Vanderburgh;431,1;182,7;37,9;4,541089313;17,6;2,30822537137626
Alabama;Fayette;474,6;205,8;43,7;5,73089701;21,1;2,59432497264903
Mississippi;DeSoto;428,8;193,9;35,9;4,636235598;12,5;3,21338845636246
Wisconsin;Juneau;434,3;174;44,4;4,951690821;21,4;1,20827395091889
Virginia;Fauquier;369,4;162,9;41,5;5,083533771;9,3;2,12942001108248
Texas;Burleson;389,4;183,2;42,1;3,641536273;15,8;2,58426264785737
Oklahoma;Jackson;448,8;209,2;34,8;6,363038474;18,3;2,15164795266334
Ohio;Logan;460,6;205,6;40,75;6,601566473;17,1;1,08631288144086
Ohio;Licking;478,5;188,8;39,65;5,540748334;17,5;1,47639570825168
Louisiana;St.;494,5;177,7;39,85;5,430602081;18,1;2,54534402113298
North Dakota;Dunn;355,6;127,1;42,05;4,710632571;14,4;0,091075415835162
Virginia;Henrico;444,7;169,1;37,85;5,200247219;12;3,41957703721016
Oklahoma;Rogers;445,5;174,5;38,75;5,259595862;13;0,734923983265754
Mississippi;Harrison;497,4;206,7;35,5;5,1314986;20,2;3,18937613174768
Wisconsin;Lincoln;498,7;184,4;46,2;3,410283316;15,5;0,418507498498808
Wisconsin;Burnett;399,2;190,1;51;4,96054115;23,7;0,393789016412676
Texas;Lamb;373,6;183,6;35,8;6,74955595;26,4;1,92222073393333
Wisconsin;Washburn;472,2;209,5;49,25;5,452638937;22,4;0,42855112805521
Georgia;Ware;405,3;180,1;38;7,919234299;25,3;3,42163943911981
South Dakota;Custer;364,5;158,7;52,4;4,363636364;14;0,242165671741193
Kansas;Brown;453,5494221;184,2;42,45;7,974481659;18,8;1,01196889705446
Georgia;Butts;508,7;240,6;38,5;6,070755704;18,9;3,36911795304944
Kansas;Nemaha;453,5494221;147,7;41,65;5,55836281;11,6;0,634412567052049
Arkansas;Nevada;407,9;210,7;41,8;5,091311566;29,8;3,45830545967972
Oklahoma;Atoka;442;151,7;41;5,756929638;25,4;1,62762334120074
Washington;Chelan;451,5;154,7;39,45;4,217134885;16,8;0,376933690726011
Georgia;Bleckley;393,3;162,6;37,35;3,671437461;19,3;3,30395165152157
Illinois;Edwards;517,6;189,9;43,25;9,853733641;20;0,442423429366404
Mississippi;Benton;355,2;208,7;39,85;0,41322314;18,3;3,62006577041118
Illinois;Saline;500,1;192,1;42,55;6,192236599;30,4;1,54242312724383
Illinois;Randolph;472,5;178,5;42,35;3,100031959;18;2,42477409079505
Oklahoma;Latimer;374,7;191,7;39,5;7,799915218;20;0,87996021347337
Maine;Cumberland;479,6;173,3;41,8;3,772833827;14,6;1,29719903576291
Texas;Franklin;413,3;156,3;43,75;4,741980474;26,9;1,80122797725757
Georgia;Burke;470,4;203,3;35,8;5,410413193;27,8;3,92811143204417
Arkansas;Sevier;388,4;179,5;34,75;5,671792286;25,8;1,76990238176309
Virginia;Goochland;486,9;153,4;47,25;2,75862069;11,1;2,93450854149435
Michigan;Huron;448,5;181,6;47,9;5,169018707;17,8;0,333902908007231
Colorado;Jefferson;436,7;141,7;40,45;4,465658687;12,2;0,736683215458408
Tennessee;McMinn;447,5;195,9;42,65;4,451140766;21,5;1,61920229728751
Kansas;Leavenworth;453,5494221;166,5;37,5;5,174510519;10,6;2,24734203940938
Alabama;Russell;494,1;212,3;34,7;6,285355123;20,2;3,75817038417702
Kentucky;Hart;519,5;243,5;41;8,986232791;24,8;1,7416765115611
Louisiana;Evangeline;459,2;211,4;36,05;8,601712189;31,2;3,36248068749663
Virginia;Accomack;479,4;216,2;45;4,349749336;18,4;3,39033279722652
Idaho;Franklin;360;136,3;32,45;9,856115108;14,3;0,0745835328425243
Wisconsin;Waukesha;474,7;155,3;42,7;4,334726295;9,8;0,885026058232989
Idaho;Gooding;460,6;151,5;36,25;6,793917826;22,4;0,0697234741318303
Pennsylvania;Cambria;488,3;168,5;44,45;4,763561711;17,6;1,48324128754156
Alabama;Autauga;475;178,3;37,55;5,87213091;14,3;2,9795768689278
Kentucky;Lee;528,6;275,9;42,5;2,731512325;37,1;0,663277190689553
Alabama;Clay;477,4;190,8;44,15;5,245114844;21,6;2,74090436185547
Arizona;Pinal;330,9;133,5;37,7;5,719536436;22,8;1,7238878701302
Virginia;Giles;403,8;189,4;43,55;8,255410099;13,3;0,938274781666661
South Dakota;Dewey;555,7;229,8;29,1;6,625097428;32,9;0,0352211080780638
Colorado;Elbert;410,8;148,3;45,15;3,311386522;10,8;0,424084784359587
California;San;447;140;39,5;5,015576324;13,2;1,27989428808726
West Virginia;Calhoun;459,9;226,5;47,05;4,780114723;25,2;0,0885870391484344
Texas;Rains;428,5;175,1;47,25;7,18503937;21,2;1,20524951009019
Louisiana;St.;497,4;201,2;38,45;4,363776791;19;3,93796532968155
Texas;Dawson;437,5;165,4;34;8,016032064;18,4;1,91536197634675
Ohio;Morgan;438,4;187,9;44;5,657937278;24;1,51304486942498
Iowa;Dickinson;528,4;156,1;48,4;7,152406417;14,8;0,267334415088695
Kansas;Logan;453,5494221;129,1;43,15;7,558139535;10,7;0
Arkansas;Scott;410;207,4;41,5;3,421727973;24,7;0,153230292972621
Texas;Stonewall;355,4;172,6;48,85;11,51832461;23;1,62960101494736
Minnesota;Anoka;453,5494221;167,9;37,95;6,191392604;12,9;1,77518067247144
Minnesota;Otter;453,5494221;156,9;46,7;7,511606314;16,7;0,80013996404354
Wisconsin;Chippewa;482,4;160,1;40,55;5,497771174;15,7;0,858230886031138
Oklahoma;Garfield;449,4;184,6;36,1;7,18973747;18,7;1,43923201279815
Illinois;DuPage;461,9;152,7;38,8;4,783276672;11,7;1,74175953931204
Ohio;Medina;460,9;167,4;41,3;4,599000327;11,2;0,885279027048627
Michigan;Presque;414,7;171,8;53,15;3,178368121;16,4;0,378592985109586
Texas;Gaines;331,1;164,8;29;6,114037096;18,6;1,04556269604923
Illinois;Jasper;494,2;174,1;42,9;6,095143707;16,3;0,294534513508424
Colorado;Gunnison;283,5;102,6;34,45;6,455696203;13,4;0,53976825135655
Michigan;Schoolcraft;439,1;213,7;49,85;4,633204633;24,8;0,401919576800481
Kansas;Reno;453,5494221;172,6;39,95;5,263956311;15;1,3813099028216
Missouri;Benton;500,6;209,6;52,5;2,363989637;25,4;0,361109775918075
South Dakota;McPherson;284,8;97,3;52,3;15,3125;11,9;0,199625678986224
Texas;Freestone;410,4;180,2;41,6;2,553975777;15,2;2,84522636090244
Illinois;Kankakee;490,4;192,2;37,3;4,551301453;19,8;2,77424979813903
Virginia;Warren;428,2;202,5;40,25;5,544668588;11,7;1,61087135875884
Tennessee;Rhea;532,5;193,5;40,55;6,638495093;25,6;1,2493614994818
Virginia;New;454,3;201,4;43,2;2,628490965;8,7;2,58434475479203
New Hampshire;Merrimack;507,6;173,1;42,55;3,901815696;13,1;0,780043676200966
Nebraska;York;389,2;164,7;40,9;6,993486459;11,6;0,659120909382972
Arkansas;Grant;502,9;190,5;39,8;5,539429124;19,5;1,56855591090513
Georgia;Murray;453;204;37,35;3,893548721;21,1;0,650354704248315
North Carolina;Lincoln;460,5;165,7;41,9;4,703203954;18,6;1,857825982391
Oregon;Tillamook;432,2;165,1;47,8;5,352172982;21,9;0,208646525796271
Texas;Zapata;340,9;112,5;28,95;9,67556704;29,1;0,753886910104173
Minnesota;Sibley;453,5494221;181,7;41,4;5,58244595;15,8;0,336072716109235
Kentucky;Henderson;477,1;202,4;40,1;5,059607622;20,5;2,10636272781298
Iowa;Ida;548,4;159,8;45,45;9,293394777;15,7;0,439253515405484
Texas;Fayette;386,3;158,1;47,4;5,062486761;14,9;2,10799004527065
Michigan;St.;404,4;178,9;39,05;7,077326343;20,3;1,32563542730856
North Carolina;Hoke;424,7;191,8;31,45;7,366934285;22,5;3,55956264848452
Wisconsin;Polk;321,4;168,1;44,15;5,534351145;18,8;0,327765705970629
Missouri;Ste.;364,9;187,7;42,4;4,229447528;13,7;0,543848523940474
Massachusetts;Middlesex;473,1;159,6;38,5;4,75120604;13,9;1,77201064103468
Mississippi;Stone;506,8;214,2;37,25;6,422857143;23;3,00519343825025
Mississippi;Leflore;511,5;234,6;32,9;4,749478079;35,6;4,29291137188598
Washington;Walla;442,5;162,8;37,3;4,138710893;18,8;0,974256954193404
Virginia;Portsmouth;473,2;218,1;34,8;5,954956101;22;3,98218909325425
North Carolina;New;442,6;164;37,85;4,936553568;14,2;2,73207624752166
Missouri;Iron;529,5;216,3;43;3,896713615;24,9;1,2826224445314
Oregon;Crook;455,6;144,3;48;6,462075848;26;0,446661149784059
Minnesota;Freeborn;453,5494221;164,1;44,75;5,846508564;19,6;0,755915152700297
Maine;Sagadahoc;451,7;173,6;45,1;5,263857504;19;0,549485017101083
Nebraska;Perkins;327,2;147,5;43,6;6,593406593;10,3;0,128216335449833
North Carolina;Jackson;458,4;177,2;36,4;3,120443278;16,2;1,40908951027433
Ohio;Coshocton;459,8;203;41,65;5,832147937;19,7;0,723664659046866
California;Tuolumne;490,8;159,9;48,75;3,962223187;21,3;1,04116123165938
Alabama;Elmore;482,4;193,8;37,9;5,800146592;14,4;3,1009421519666
Texas;Chambers;445,8;183;36,2;5,775206257;16,6;2,19031654193011
Louisiana;Jefferson;499,6;208;37,85;7,155147691;25,3;2,89850736502602
Georgia;Atkinson;403,2;213,5;34,85;5,448065173;24,8;2,90303141849895
Nebraska;Brown;358,2;156;48,4;0,363636364;17;0,0319720327173458
Nebraska;Hall;469,4;160,8;35,95;8,958855626;16,7;1,16241853769739
Tennessee;Henry;479,3;219,1;44,85;4,382650748;24;2,26429908181474
North Dakota;Traill;475,3;158;41,5;4,19412822;10,4;0,458626163144331
South Dakota;Mellette;486,5;240,1;32,3;8,374384236;38,2;0
Alaska;Matanuska-Susitna;469,3;184,3;34,6;4,854021136;15,8;0,691700898197633
Iowa;Davis;427,3;158,6;37,85;8,783008037;15,2;0,187228281606576
North Carolina;Pasquotank;473,4;203,9;37,6;5,029990529;19,5;3,63576558506454
North Carolina;Orange;436,7;157,3;33,3;4,202796852;10,1;2,53964936075847
Virginia;Gloucester;491,8;200,4;43,55;4,308202154;9,7;2,22649683647859
New Jersey;Bergen;468,1;147,3;41,45;4,077070131;11,8;1,92189290069089
Nevada;Washoe;453,5494221;166;37,6;5,642578635;15,6;1,22563595771074
California;Lake;460,1;190,6;45,6;6,718511986;28,4;1,17790896305108
Illinois;Marion;533,4;219,1;41,85;6,338625621;26,1;1,54336884439363
Idaho;Boise;507,4;163,9;51,85;3,703703704;13,9;0,430092772247967
Wisconsin;Rusk;484,9;195,2;47,5;4,399845619;25,3;0,684156547669335
Georgia;Coffee;418,6;189,2;35,4;5,763286469;26,3;3,3757724397341
Oklahoma;Nowata;391,8;189,7;41,5;3,337783712;21,4;1,08877406264096
Arkansas;Arkansas;468,1;201,7;41,1;7,128810226;29,8;3,28409013585836
Florida;St.;414,6;162,4;43,8;5,736951023;24,5;3,01061818358104
Michigan;St.;488;189,5;42,8;4,646092865;17;1,16403904833002
Texas;Bastrop;415,6;181,8;38,75;4,583083383;16,2;2,18460580164327
Kentucky;Harlan;504,8;277,1;40,9;3,257989088;34;1,24772009340488
Alabama;Morgan;472,8;184,9;39,7;4,808108498;17;2,58671663275786
Oregon;Grant;400,3;131,4;51,3;8,146487294;22,2;0,285067332246101
Michigan;Delta;393,1;178,5;46,35;3,887024609;18,8;0,225798554870989
Texas;Erath;388,1;144,8;30,3;5,054084297;15,6;0,900598429614286
Minnesota;Crow;453,5494221;176,7;43,6;6,153360682;20,1;0,494205593439085
Virginia;Essex;433,5;183,4;44,75;1,972920696;17,2;3,73854253051794
Georgia;Cobb;470,3;151,9;36;4,671194475;12,1;3,31474589081611
New Hampshire;Belknap;508,6;182,6;46,05;4,824422651;16,8;0,433764443768134
Michigan;Genesee;514,3;192,1;39,55;4,863978687;25,3;3,06433100571157
North Carolina;Transylvania;396,8;137;50,7;4,726613966;17,1;1,59221068317161
Illinois;Effingham;506,6;180,1;38,85;4,731034483;17,4;0,293258943259267
North Dakota;Grand;462,5;162,5;29,6;5,407811283;10;1,24924640749325
Kentucky;Wayne;480,4;202,2;42,65;6,951992754;30,3;1,17307178007932
Kansas;Trego;453,5494221;177,9;49,1;4,642857143;6,1;0,266188758680331
Texas;Delta;382;184,1;43,2;11,27029608;21,1;2,2713340690126
South Carolina;Greenville;461,7;175,4;37,6;5,183355631;16,5;2,95905443587068
Michigan;Ogemaw;402,9;177;49,15;6,505717916;24,2;0,270788695245717
Maryland;Worcester;499,8;186,8;48,6;5,625635809;21,1;2,71800841113226
Alabama;Coosa;482,9;211,9;45,1;2,504393673;24,2;3,45594785924914
Texas;San;335,8;153,9;43,55;6,763787721;18,2;1,4724533753057
North Dakota;Kidder;336,1;104,8;46,95;6,976744186;14,2;0
Indiana;Noble;416,9;186,5;38,2;6,541519012;14,8;0,39172826015891
Kentucky;Jackson;561,4;261;39,85;6,838709677;32,9;0,0439405829842866
Illinois;Knox;469;180,1;42,45;5,205017787;24,5;2,25118675614236
Vermont;Washington;467,3;165,8;43,2;2,874885005;20,4;0,6246277139635
North Dakota;Barnes;479,1;173,1;42,5;8,043956044;8,9;0,661238589205089
Georgia;Jones;472,1;162,1;39,25;3,929500144;18,6;3,28496770080029
North Carolina;Caldwell;453,4;195,5;42,65;6,057735176;24,6;1,78400341532074
Oregon;Josephine;491,2;199,7;47,95;6,292364753;26,2;0,293929824042042
Washington;Spokane;440,7;171;37,2;5,355835918;21,4;1,03923074468102
West Virginia;Putnam;497,2;171,5;41;6,034482759;15,8;0,916333136975046
New York;Madison;505,4;174,2;40,55;3,238819733;17,2;1,11480043144754
Ohio;Seneca;439;174;39,45;4,557619009;18;1,25264802017478
Colorado;Crowley;389,1;110,7;34,35;10,31111111;37,2;1,83423025686159
New York;Fulton;504,2;183,4;42,9;4,80729036;22,9;0,946528840422295
Texas;Kinney;297,2;179;44,05;0;16,3;0,789422660221506
North Carolina;Catawba;444,3;176,4;40,65;4,107398367;18,5;2,25970878314559
Kansas;Elk;453,5494221;215,9;50,65;3,050108932;20,3;0,578132393141355
Kansas;Shawnee;453,5494221;171,6;38,75;5,852417303;14,5;2,18312047962803
Alaska;Dillingham;409,2;216,6;29,75;11,80124224;30,2;0,29373920816086
Montana;Granite;348,1;113,2;53,8;18,55670103;15,9;0,0612186223043854
Kentucky;Rowan;540,5;235,2;31,95;4,886769964;20,5;0,9942929367371
Missouri;Marion;517,2;188,8;39,75;4,673182651;18,1;1,89071951772635
South Dakota;Gregory;521,9;169,4;47,25;10,70422535;20;0,111823259865392
Colorado;Broomfield;417,3;158,4;37,35;5,099793071;9,5;0,693978808661416
North Carolina;Alleghany;452,5;157,1;47,15;5,062082139;21;1,15440009593363
Wyoming;Albany;397,6;128,4;26,55;4,074920055;9,1;0,824371575046985
Texas;Brown;427,7;188,4;40,75;2,5472273;19,3;1,66879392925256
Ohio;Adams;493,1;217,2;40,85;4,079365079;31;0,323955141480925
Virginia;Arlington;369,7;136,5;33,9;5,34181797;4,2;2,24661219177976
Michigan;Macomb;506,5;177,8;40,75;4,707995158;15;2,42377748352292
South Dakota;Pennington;442,5;159,7;37,25;5,830321072;15,7;0,825461237469418
Missouri;Douglas;317,9;166,5;47;6,128904705;25,3;0,057503623859224
North Carolina;Franklin;472,1;183,4;40,5;3,545493379;20,9;3,2844187212021
South Carolina;Saluda;383;160,1;41,05;3,467781604;22,1;3,30431930668567
Montana;Park;459,2;140,9;46,7;3,270009343;14,2;0,4366353775817
Missouri;Bates;454,5;211,1;42,25;4,212348529;17,1;0,412589820295232
Montana;Jefferson;445,4;185,5;47,7;4,111531191;11,8;0,137847400373896
Minnesota;Lyon;453,5494221;163;35,15;5,799293999;15,3;1,36766793581686
Indiana;Benton;414,4;173,4;39,9;7,146666667;20,5;0,612761635457706
Iowa;Carroll;443,1;176,6;42,35;4,378496716;12,6;0,925103402768262
Kentucky;Cumberland;562,7;185,7;44,7;2,826379542;26,1;1,37814459707545
Illinois;Jersey;438,7;175,9;42,1;3,045785027;13,5;0,35368705905307
Missouri;Franklin;475,2;180;40,2;5,593582421;16,5;0,710051844185295
Illinois;Union;506;206,9;42,75;5,211459754;25,7;0,924767041842614
Iowa;Benton;445,9;163,2;41,2;6,183093392;11,8;0,531491890371299
Kansas;Wallace;453,5494221;175,5;41,1;8,333333333;11,2;0
Ohio;Huron;463,7;206,3;38,65;4,663965135;19,2;0,755334563687396
Pennsylvania;Westmoreland;476,6;175,3;45,95;3,999144854;14,7;1,21288601805406
Ohio;Clermont;479,5;178,7;39,4;5,170612813;14,9;0,873179794304677
Illinois;Sangamon;515,2;185,5;39,45;4,889917894;18,6;2,5921381278536
Arkansas;Pulaski;472,3;182,7;36,35;5,116648446;19,7;3,60281659377649
California;Marin;475;135,2;45,3;5,448237059;12,5;1,26641324496859
Tennessee;Moore;408,9;137,3;45,45;0,702028081;12,5;1,58055688391804
Pennsylvania;Luzerne;500;181,1;42,75;5,103967071;18,1;1,59712859467793
Indiana;Wells;412,6;157;41;5,617591479;15,2;0,525170366221753
Kentucky;Boyle;492,9;179,1;40,8;4,910307084;21,7;2,06954174032878
Nevada;Esmeralda;453,5494221;262,1;45,25;4,326923077;16,5;0
Missouri;St.;513,8;216,8;39,1;4,612961296;18,9;1,75511685703472
Alabama;Bullock;488,8;176,2;39,25;4,138851802;28,9;4,27257616571467
Mississippi;Yalobusha;561,9;235,8;41,4;5,540488183;25,7;3,7049856228684
Oregon;Wasco;444,1;185,4;41,1;5,246743717;20,9;0,50859498754583
Florida;Madison;293,5;166,9;41,85;11,91053624;24,6;3,68160359638955
Mississippi;Madison;460,5;292,5;36,6;4,789430223;13,5;3,6696395415791
North Dakota;Cavalier;406,8;170,7;50,65;7,1197411;8,1;0,0742915766545268
Texas;Schleicher;412,8;205,8;35,65;5,007153076;12,4;0,0889738832638305
Idaho;Payette;457,5;166;38,45;8,451001054;18;0,358875165076027
Georgia;Taliaferro;464,8;234,9;47,15;0,56980057;22,1;4,09202733368727
Kentucky;Letcher;527,4;226,5;41,9;5,618408437;34,6;0,174042409876359
Oklahoma;Coal;372;195,8;41,8;4,588744589;22,3;0,393231833801512
Indiana;Perry;451,1;208,1;41,3;5,856832972;15,5;1,3985553453562
Michigan;Alcona;408,2;177;56,6;2,960526316;18,7;0,242853246449193
South Carolina;Sumter;474,9;185,2;35,8;6,42352298;23,1;3,85700545998731
North Carolina;Lenoir;524,4;194;41,9;6,174096999;24,7;3,71953748668913
Illinois;DeKalb;485,5;171,7;30,4;4,533178353;16;2,06870438782387
Missouri;Pulaski;521,6;196;27,35;5,283078379;12,9;2,57694461962676
Tennessee;Lincoln;421,9;193;42,75;6,664803689;20,8;1,82474157195118
New Mexico;Santa;374,3;126,1;44,45;4,017424976;19,7;0,577208026783052
Mississippi;Issaquena;448,4;257,8;44,1;5,23255814;32,7;4,19182359699557
Minnesota;St.;453,5494221;184,8;41,05;4,901104316;16,9;0,93475408431062
North Dakota;Sargent;579,7;188,2;45,3;6,284916201;5;0,734361457647332
Nebraska;Knox;461,2;161,7;47,45;6,866666667;15,8;0,0677766106748793
Virginia;Brunswick;463,4;165,3;43,45;4,689366786;22,5;4,03923054623484
Minnesota;Morrison;453,5494221;169,5;41,25;5,734925549;18,8;0,433760699890238
Wyoming;Teton;402,7;136,9;38,05;1,745232098;5,5;0,279683244452642
New York;Suffolk;528;163,8;40,55;4,419518742;12;2,15898255702682
Missouri;Monroe;422,7;140,3;44,95;4,179104478;18,8;1,31651941969953
Oklahoma;Choctaw;445,2;225,5;41,7;6,960408685;26,4;2,52052996978621
Pennsylvania;Allegheny;501,2;182,1;40,85;5,044224477;14;2,63953383392619
Washington;Cowlitz;455,5;184,1;41,35;6,298743004;24;0,482127167516673
Nebraska;Douglas;476,6;179,7;34,05;5,925782154;14,8;2,50770707494634
Illinois;Vermilion;520,2;203,1;40,05;5,395305384;24,1;2,6971643007737
Minnesota;Lake;453,5494221;172,7;50;5,924855491;19,4;0,458959068885511
Alaska;North;501,1;256,9;32,35;10,6333527;12,4;0,508049455374087
West Virginia;Nicholas;455,5;199,8;43,5;3,346456693;23,5;0,0341200644333631
Utah;Tooele;489,9;146,7;30,65;6,916426513;8;0,473734774234039
Michigan;Leelanau;372,9;132,5;52,3;5,887253541;13,9;0,453703953980383
North Dakota;Sheridan;374,8;124,8;52,05;4,95049505;23,3;0
Pennsylvania;Washington;482,5;186,3;44,05;4,918324654;13,3;1,37302633840338
Arizona;Maricopa;401,4;146,6;35,65;5,392191187;19,8;1,82793768222584
North Carolina;Hertford;434,1;184,3;41,5;5,896994065;27;4,08340178246773
California;Santa;420;135;36,85;5,541784514;14,2;1,27703240222021
Alabama;Wilcox;500,5;221,7;39,85;4,996127033;35;4,29080078178916
New Mexico;Catron;375,5;164,7;57,1;0,689655172;13,1;0,512721676321749
Georgia;Pickens;512,6;176,4;44,85;5,382482466;15,8;0,894398498519135
Minnesota;Lincoln;453,5494221;146,8;46,75;5,539070228;12,2;0,321204764644271
Nevada;White;453,5494221;188,4;39,35;5,470459519;13,7;1,64303596242447
Virginia;Falls;447,7;137,6;37,85;3,066180935;2,7;1,13992709837501
Tennessee;Haywood;457,4;183,7;39,35;4,488542405;26,4;3,91884753903358
West Virginia;Pocahontas;384,8;176,8;48,45;4,256631709;23;0,909576277493056
Texas;Hansford;448;129,1;36,4;6,825657895;16,1;0,118602191612069
Minnesota;Nobles;453,5494221;138,1;36,6;7,86717183;18,1;1,60622345579961
Mississippi;Bolivar;476,3;241,9;34,6;4,919773478;32,4;4,17502788173697
New Mexico;Roosevelt;360,7;163,5;29,4;4,392712551;25,2;1,25175784238246
Oklahoma;Muskogee;483,4;211,7;37,7;6,694613026;23,2;2,49192608166403
Wisconsin;Sawyer;483,8;208,5;49,35;4,272316777;27,4;0,525687637482352
Ohio;Lucas;370,7;196,2;37,75;5,157532738;22,4;2,9875895014867
Florida;Hillsborough;474,5;168,9;36,55;4,752577535;19,7;2,86988663712095
Arizona;Yuma;343;126,8;34,05;6,284513403;26,3;1,13730794733774
Nebraska;Lancaster;425,9;153,5;32,95;6,17570233;11,7;1,60949158779355
Missouri;Howard;398,7;150;38,85;6,633574007;18,1;1,81745286964368
Iowa;Woodbury;469,7;176,4;35,35;6,360617144;19,2;1,33272957648219
Montana;Phillips;456,8;151,2;47,35;9,448818898;13,6;0
Pennsylvania;Beaver;476,1;180,2;44,75;4,491424455;16,8;1,95444747076568
New Jersey;Hunterdon;496,3;145,1;44,8;4,22223833;7,1;1,27574991513884
New Jersey;Middlesex;466,7;156,7;37,75;5,074989438;12,1;2,38352605281061
Nevada;Lyon;453,5494221;195,7;43,25;4,62962963;19,1;0,661114309743152
New Mexico;Grant;366,5;159,4;46,35;5,998550199;30,3;0,48973874874861
California;Inyo;408,4;138,1;46,1;4,535082715;18,5;0,725993185191806
Florida;Wakulla;456,7;209,3;39,9;2,534634761;17,7;2,80183277046118
Nebraska;Washington;431,4;159,2;41,25;5,725611099;8,3;0,516594605544679
Kentucky;Mercer;536,1;206,3;42,7;5,675616678;20,6;1,561763234948
Oregon;Lane;418,7;169,1;39,3;4,213583027;19,8;0,734620953666382
Florida;Hardee;422,3;161,9;34,8;6,773043626;34,9;2,19339868303839
Michigan;Bay;448,2;182,3;42,35;5,244463933;18,7;0,855840887308287
Indiana;Monroe;428,7;168,5;28,45;3,932688732;11;1,36820384273344
West Virginia;Mineral;456,6;198,4;43,25;7,391231312;23,3;1,42199427077175
Kentucky;Garrard;516,6;204,6;42,05;5,567338282;21,9;0,820829739618204
Minnesota;Scott;453,5494221;153,9;35,55;6,064705544;8;1,37150101287461
Illinois;LaSalle;519,9;191,3;41,75;4,843425569;19,4;1,24141147134702
New York;Tioga;503,6;160,5;43,25;6,184505988;16,5;0,560193321702115
South Carolina;Darlington;451,3;206,8;40,6;6,092582124;24,6;3,72865452415996
Georgia;Oglethorpe;455,9;150,6;42,35;6,672760512;20;2,84472886869032
North Carolina;Scotland;487,8;189,6;38,85;6,79431748;32,2;3,67511488965143
North Carolina;Davie;491,1;169,3;43,9;5,784848148;17,9;2,03020899801252
Texas;Presidio;211,1;66,3;40,6;6,324110672;22,7;0,0135982512716362
Arkansas;Greene;414,1;194,5;38,3;5,73167141;23,6;0,650986369912701
Georgia;Douglas;462,3;175,3;35,7;6,214984071;16,1;3,75272530032949
Texas;Lynn;303;154,4;37,65;3,301127214;24,4;0,802801034437395
Kentucky;Breckinridge;490;199,5;42,45;7,765151515;21,1;1,20084244255201
Oklahoma;Cimarron;456,9;258,7;44,9;2,195121951;20,5;0,193577913961306
Louisiana;Terrebonne;493,1;213,2;35,2;5,230870955;20,1;2,97217459614347
Massachusetts;Bristol;496,2;173,9;40,5;4,63936694;21,9;1,5472841389109
Colorado;Yuma;427,2;184,3;36,2;4,737575476;21,3;0,787475042138573
Illinois;Champaign;450,2;152,5;29,45;3,467190704;13,5;2,60919334259529
Illinois;Tazewell;511,5;192,2;40,4;5,692199578;14,8;0,798667229991582
Iowa;Iowa;463,3;163,4;42,4;5,613126079;11,9;0,608802116342528
Arkansas;Randolph;425,6;212,5;42,4;7,27081138;27,8;0,527748587042085
Kansas;Gove;453,5494221;136,2;47,7;8,951965066;12,6;0,686728084676229
Texas;Nacogdoches;443,5;185,9;30,05;4,912890034;17,2;2,96198725566074
Oregon;Douglas;419,4;189,2;46,95;5,54304604;26,6;0,275494554450591
Texas;Cooke;428,1;169,2;39,7;7,427277062;16,8;1,23113593272624
Ohio;Ashland;426;189,4;39,95;5,646027941;15,4;0,607937355255668
South Carolina;Richland;455,7;184,8;32,85;4,618133504;16,4;3,84708676318335
Wyoming;Uinta;359,3;132,8;34,5;6,918371652;13;0,178891568604232
Texas;Hardeman;410,4;142,3;42,35;11,03752759;20,2;2,2918057612856
Colorado;Douglas;424;128,4;37,55;4,964771639;5,6;0,732474512067749
Nebraska;Boyd;384,9;135,2;50,8;9,17721519;16,1;0,606358704180674
Virginia;Waynesboro;596,9;210,5;39;7,446377985;20,1;2,62047988830069
Illinois;McHenry;474,4;181,4;39,2;4,286141792;12,5;0,852708252782712
Tennessee;Jefferson;484;185,3;42,65;4,075765263;21,1;1,26989753323341
Missouri;Sullivan;425,4;196,5;41,75;10,31227306;17,9;0,628772446008619
Kansas;Smith;453,5494221;157,6;50,6;8,463949843;15,4;0,35614004180409
North Dakota;Rolette;474,1;216,9;29,95;6,726726727;29,2;0,430486279400141
Montana;Carbon;411,7;129,1;49,1;5,364583333;14,5;0,00969187666468228
South Dakota;Davison;476,9;151,2;38,2;5,713596914;11,1;0,392118575391312
Massachusetts;Norfolk;494,7;160,9;40,9;4,696647392;12,1;1,98273357989578
Texas;Robertson;419,5;169;41,3;4,658564815;22;3,07644106595922
Alabama;Choctaw;398,5;137,6;45,45;4,317548747;24,2;3,79114728640284
Texas;Mitchell;434;211,8;37,6;2,90368272;13;2,4825499282334
North Carolina;Brunswick;419,2;169,2;49,85;6,292374849;20,2;2,46839131771143
Georgia;Chatham;455,8;168,8;34,3;5,771170399;16,4;3,6997664820205
Mississippi;Wayne;431,7;209,4;36,75;8,771929825;29,7;3,68827627673903
Missouri;Moniteau;409,2;179,9;37,95;6,768874747;14,7;1,58892647134076
Kansas;Marion;453,5494221;143,8;44,85;6,021594684;15,3;0,595352223752539
Indiana;Hancock;456,4;184,8;40,3;4,243248035;9;1,09413465534679
New Hampshire;Coos;459,2;181,6;48,1;5,975049245;22,5;1,00619510660743
New York;St.;498,7;183,7;37,7;5,011933174;20,5;1,17003430969201
Illinois;Johnson;489,6;175,2;43,75;4,476930105;20,4;2,28876329765496
Ohio;Pickaway;460,5;197,4;38,95;5,002432301;17,1;1,4470282659059
Kentucky;Hopkins;492,4;196,7;40,75;4,65182921;18,8;1,93786871478635
Texas;Throckmorton;441,6;200,7;49,75;7,986111111;20,1;0,177455366907009
Idaho;Madison;376,2;125,2;23,05;6,963315217;13,5;0,526879213961353
Tennessee;Putnam;442,4;189,2;36,15;3,640481715;21,1;1,22678340753493
Delaware;Sussex;493,3;168,7;46,85;5,256787135;23,1;2,61470372696524
Idaho;Ada;469;151,6;35,8;4,783515756;11,1;0,75873178342569
Indiana;Pulaski;463,7;183,2;41,9;1,880766501;19,3;0,378351386898217
Vermont;Chittenden;463,7;159;36,55;4,180500351;15,6;1,21877896770657
Texas;Fort;399;133,4;35,45;5,338507619;9,8;3,08395748092836
Ohio;Harrison;445,5;201,4;45,75;7,156549521;19,3;1,13079733510233
Kentucky;Clark;522,6;210,6;41,3;4,293271005;20,9;1,83258482918265
Texas;Floyd;376,7;173,5;37,3;4,490106545;25,2;1,36857599587971
Iowa;Sac;456,2;174,1;46,45;8,116710875;13,3;0,532333092875517
Wisconsin;Vilas;572,8;177;52,6;4,69334869;22,5;0,335066425360023
Oklahoma;Pittsburg;418,2;195,8;40,8;5,344522968;20;1,47007690388423
Michigan;Iron;344,3;167,6;53,45;4,683342203;19,7;0,408155498427016
Louisiana;West;526,7;182,8;35,65;5,538105472;17,1;3,65874594976777
Nevada;Elko;453,5494221;143,2;33,5;6,700733537;10;0,828424943142383
Florida;Osceola;407,5;155,6;35,7;5,718663568;23,1;2,51129183242524
Minnesota;Pine;453,5494221;161,7;43,8;4,865649964;19,5;1,14175071658372
Georgia;Seminole;446,2;180,1;45,05;2,387267905;25,7;3,54075601815468
Indiana;Blackford;486,2;189,1;43,8;6,987761548;19,8;0,455592819901503
Illinois;Perry;498,3;174,6;41,2;3,072371416;19,6;2,27473642786011
Maryland;Garrett;417,1;154,8;44,2;6,553245117;23,2;0,472353029118263
Indiana;Madison;468,7;195,2;39,9;4,977235099;19,3;2,17911737008956
Alabama;Pike;455,1;183,3;31,45;6,44886666;19;3,66866058875771
Mississippi;Clay;427,7;187,5;38,5;3,726061615;27,4;4,08147298559396
South Carolina;Dillon;425,3;204,7;37,3;5,525568182;32,1;3,86372055442731
Missouri;Montgomery;510;176,9;43,55;4,500642949;20,3;0,860893648662675
Tennessee;Claiborne;515;218,3;41,85;3,502840141;23,6;0,718831873558697
Texas;Crosby;334,7;174,1;38;4,238618524;28,3;1,58490093941626
Nebraska;Wayne;392;142,1;29,7;5,981533521;9,1;1,46837538985104
Kentucky;McCracken;484,1;168,9;42,45;5,282054823;21,1;2,46484683447182
Ohio;Mercer;443,1;181,9;40,2;6,325515281;12,1;0,361584196116585
Kentucky;Oldham;519,6;163,6;39,55;4,704009263;8,5;1,65305600063849
Tennessee;Robertson;496,6;187,2;38,35;5,976467659;17;2,143732306855
Iowa;Greene;506,1;186,9;45,2;9,971346705;17,6;0,0530684781660635
New York;Nassau;514,3;145,8;41,3;4,449778611;11,3;2,51706659766851
Nebraska;Dawes;370;155,4;33,85;7,437661221;10,8;0,422252767501889
West Virginia;Logan;523,9;240,1;42,8;4,195713917;25,8;1,16077102285766
Nevada;Churchill;453,5494221;211;38,95;7,724034496;17,3;1,21519118601123
Colorado;Boulder;409,9;124,1;35,75;4,171506363;11,8;0,644009572588905
Utah;Weber;417,9;134,2;31,8;7,55683473;11,9;0,748994530775897
Virginia;Nottoway;508;201,5;42,45;7,331771008;24,5;3,70273973682628
Idaho;Bannock;378,7;151,5;32,65;5,416377859;13,8;0,558227331332656
New Jersey;Union;463;155,6;38;5,746896424;17,1;3,10490964693394
Illinois;Fayette;480,9;165,9;40,35;6,596537366;24,5;1,65064436500889
Texas;Parmer;387,8;142,1;32,75;7,023108292;19,4;0,981828353869205
Vermont;Orleans;438,8;172;44,75;4,689807976;32,5;0,413463683379742
Georgia;Pike;472;224,3;39,1;3,422926717;15,5;2,50742608159242
Florida;Washington;356,3;209,1;41,3;5,908289242;27;2,78335368653554
Washington;King;464,2;152,7;37,2;5,202119227;12,7;1,97387141030417
Missouri;Livingston;470,4;203,2;42;7,023060797;15,6;1,28260922761417
Wisconsin;Menominee;478,4;228,8;30,9;10,89005236;33;0,355483490640057
Michigan;Midland;438,7;154,4;41,05;5,762837089;13,4;0,86759718615701
North Carolina;Forsyth;490,7;179,9;37,7;4,481749235;18,5;3,29537759166513
North Carolina;Martin;491,5;177;45,2;3,58004827;22,7;3,79689784037728
Ohio;Vinton;456,6;184,3;41,05;8,863399374;27,4;0,358169971827405
Wisconsin;Grant;428,2;166,9;36,45;5,174434328;13,9;0,83429554097852
Ohio;Scioto;503;203;39,3;4,764332654;29;1,29105051094071
Mississippi;Clarke;466,5;191,4;41,5;6,761177754;25,7;3,58424868351629
Texas;Bailey;334,4;110,4;35,1;2,595628415;21,6;1,11935185239244
Wyoming;Sweetwater;403,5;141,1;33,65;8,929775551;11,3;0,624125591874945
Florida;Leon;390,5;155,8;29,9;3,782242355;12,8;3,46969972646056
California;San;434,9;157,1;35,1;4,953958986;16,8;1,80266849846884
South Carolina;Calhoun;468;150,9;45,35;5,434122647;18,9;3,77058389856858
South Dakota;Charles;464,7;181,9;37,25;6,866002215;20,6;0,0423837142409334
Kansas;Ellsworth;453,5494221;149,6;44,95;7,773512476;13,2;1,57645046215076
Kansas;Morris;453,5494221;193,4;48,05;5,611775529;11,6;0,145416999745722
Texas;Goliad;435;139,8;45,7;5,702647658;15,4;1,8891939196559
Mississippi;Perry;492,4;202,6;40,35;4,821037253;24,1;3,10538446104977
California;San;433;150,4;34,95;6,536926148;20,5;0,576667436999343
Alabama;Perry;555,6;230,7;36,9;4,552845528;30,2;4,23456263779907
New York;Greene;505,7;187,3;45,05;4,626911005;17,9;1,99418989441179
Tennessee;Lauderdale;484,4;218,3;37,25;5,484147386;29,6;3,5861032734062
Tennessee;Weakley;443,1;205,4;37,25;5,005740528;17,8;2,31289066292056
Michigan;Antrim;422,1;167,7;49,4;3,888098625;21,8;0,279406639314013
North Dakota;Nelson;436;205,3;52,9;10,42553191;12,9;0,866239930956013
Alabama;Chilton;445,2;195,9;38,6;5,95355245;20,4;2,42775561915609
Idaho;Washington;481;173,6;44,6;8,792924037;21,4;0
Kentucky;Lincoln;523,1;199,1;40,5;7,499096494;25,6;1,30341577238409
Kentucky;Estill;549,3;258,6;42,9;4,634920635;31,1;0,129412671199359
Illinois;Calhoun;493;152,3;46,95;6,910994764;22,7;0,113350118113033
Pennsylvania;Bedford;479,9;151,2;45,2;4,585306863;15,3;0,450049725157799
West Virginia;Pendleton;381,8;139,8;48,85;7,611940299;24,1;1,31613799982682
Oklahoma;Grady;416,7;193,7;38,45;4,518903132;17;1,13449484920494
Tennessee;Franklin;465,4;180,5;41,1;5,292111343;20,9;1,42436864910966
Missouri;Newton;296;185,9;39,65;4,480398258;15,7;0,681364268399927
Michigan;Monroe;371;182,8;41,8;6,102216567;14;1,20074230016183
Ohio;Gallia;456,2;201;40,85;4,807405196;24,7;1,28212367844109
Illinois;Scott;459,2;169,5;43,5;3,388278388;21,4;0
North Carolina;Edgecombe;446,1;192,1;39,7;5,053375317;27,6;4,05130663551718
Kentucky;Grayson;544,2;230,6;39,8;4,790003471;24,5;0,767234548965697
West Virginia;Lincoln;513,2;226,9;42,1;2,635983264;31,6;0,390511558329367
Texas;Childress;441,6;192,3;34,45;12,14642263;18,6;2,36397107252765
Iowa;Wapello;516,3;182,7;39,8;6,180279523;18,9;1,11888767249796
Wisconsin;Iowa;424,1;157;42,75;5,031948882;15,3;0,345220811708848
Michigan;Gratiot;447,1;168,3;39,45;3,748722027;19,5;1,89242153905566
Missouri;Lewis;463,2;212;39,45;5,366726297;15,3;1,38590104753224
Mississippi;Winston;474,4;181,7;40,1;5,112672644;25;3,88573734522597
Louisiana;Lincoln;436,3;205,7;27,4;4,279213153;17,9;3,73524847611123
Minnesota;Wright;453,5494221;165,2;35,65;6,296560212;12,1;0,699765169283676
Kentucky;Caldwell;525;224,7;42,6;7,912885662;24,2;1,92046153134364
California;Stanislaus;433,4;164,9;33,55;6,025884863;27,7;1,31324530039075
Wisconsin;Bayfield;369,9;171,7;50,8;5,547054323;21;0,509495836190281
Illinois;Macoupin;495,6;185,1;42,65;5,090116855;18,7;0,521915808303405
Indiana;Huntington;466,3;195,8;39,85;7,373761208;15,3;0,555775700227397
Kentucky;Pendleton;497,1;188,1;41,45;5,568862275;21,2;0,45226068186434
Illinois;Monroe;487,6;153,4;41,85;5,213333333;11,3;0,292597074018429
Illinois;Edgar;461,5;177;43,5;6,41025641;21,1;0,438412694614843
Colorado;San;358,5;97,9;40,75;4,135338346;12,6;0,210663708212715
Kansas;Allen;453,5494221;196,4;41,65;8,708822416;19,6;0,995014157246604
North Carolina;Sampson;454,3;183,6;39,15;5,0513461;25,6;3,28511139283189
Georgia;Walker;420,9;212,7;40,75;6,366601435;20,5;1,7198570037964
Kentucky;Lawrence;524,8;269,2;40,15;3,753424658;26,5;0,141236603223832
South Carolina;Edgefield;399,8;157,8;42,3;3,616566206;19,2;3,62785223021728
Virginia;Roanoke;400,5;155,9;43,65;5,404491669;12,8;1,91853681497896
Washington;Grant;417,9;173,1;32,2;6,92564347;29,2;0,541121246527448
Michigan;Houghton;373,8;155,4;33,4;5,373953975;16,7;0,555006944657726
Illinois;Mercer;460;179,9;44,2;4,061068702;14,2;0,386516403316363
Oklahoma;Pushmataha;354,7;226,4;44,7;5,050505051;26,7;0,789622805060602
Alaska;Sitka;298,1;150,1;38,9;3,141875307;12,1;0,73459963709725
South Carolina;Chester;492,8;215,6;41,25;6,686006354;26,7;3,67388243792972
Illinois;Rock;478,1;176,2;40,1;5,929944203;20,1;2,34655551580035
Iowa;Winnebago;446,6;163,3;43,65;10,56949807;11,1;0,654047055375643
New Mexico;Sandoval;395,4;135,7;38,85;5,497053425;21,1;1,29814862198473
West Virginia;Preston;435,3;169,8;41,95;4,038301415;21,1;1,60388553929971
Kentucky;Barren;502,2;192;40,5;5,4866708;22,7;1,65051613511712
Arkansas;Calhoun;364,5;202,4;43,85;3,101503759;22,3;3,14300932272966
Colorado;Morgan;408;162;36,45;5,340817963;21,9;1,28354180178573
Nebraska;Dawson;409;139,7;36,35;8,05433327;16,5;1,73370616791926
Texas;Harrison;429,7;176,3;37,6;5,790913336;17,9;3,12080573822231
Georgia;Chattooga;471,1;203,9;40,3;4,430147059;26,5;2,46202830150773
Kentucky;Campbell;518,7;198,6;37,2;4,943288381;14,9;1,43789165423265
North Carolina;Beaufort;524,2;194;44,7;4,17432129;21,9;3,31191533665603
Ohio;Lake;483,8;182,5;43,15;4,694264339;13,6;1,5480104060546
Georgia;Troup;483,7;186;35,85;6,920828113;18,8;3,56711175795055
Minnesota;Swift;453,5494221;162,3;44,65;9,56284153;19,8;0,969943445521699
North Carolina;Yancey;512,6;178,6;46,4;3,944716384;22,7;0,777428180585552
Texas;Walker;472,7;164,6;33,65;3,854536397;12,8;3,16529793034695
Wyoming;Crook;280,9;152,2;43,7;5,333333333;12,6;0,177027909299759
Washington;Thurston;495,9;169,9;38,5;5,180155167;13,7;1,34543933845005
Colorado;Conejos;326,6;138,1;38,55;7,34055355;30,1;0,0925622732194324
Idaho;Nez;466,9;180,1;41,35;6,338028169;14,9;0,330861325573608
South Dakota;Fall;515,1;187,8;52,45;6,16375345;17,6;0,75586497486743
Indiana;Jasper;474,1;204,7;38,85;6,211096076;14,6;0,552999490718799
Oklahoma;Logan;438,5;160,2;38,65;4,945382324;17,4;2,31367790324624
Idaho;Canyon;458,6;154,8;32,8;6,940188877;21,5;0,365601856624669
Montana;Toole;475,5;174,2;42,75;6,557377049;16,8;0,144394505033154
Pennsylvania;Clinton;486;196,6;38,05;4,785376874;17,4;0,916078662989138
South Dakota;Lawrence;383,6;161,8;41,5;3,67487328;12;0,415624993900852
Texas;Brewster;387,7;160,4;42,1;1,812688822;13;0,8466789050167
Florida;Orange;440,7;161,7;34,35;4,907650931;17,6;3,08233494507659
Indiana;Carroll;414,4;166,3;41,6;5,682622023;11,9;0,292492110150249
Texas;Potter;461,8;185,1;33,2;7,014170761;20,8;2,34697232121302
Georgia;Hall;482,4;153,5;35,5;6,393153226;17,1;2,14551680267762
North Dakota;Griggs;535,5;232,3;52,35;7,692307692;7,4;0,808781064443204
Idaho;Twin;471,4;165,4;34,45;8,551754776;16,5;0,41043581763675
North Carolina;Craven;457,8;181,1;35,75;6,903026781;16;3,12482287262201
Louisiana;Caldwell;467,6;200,1;40,15;2,079107505;23,2;2,92141637970913
Minnesota;Yellow;453,5494221;151,9;42,9;7,744282744;15,3;0,375560096856529
Kentucky;Jessamine;500,6;186,9;36,95;5,553303608;19,1;1,52570722779261
Texas;Hopkins;409,9;181,2;39;7,914410931;19,9;2,05848064815974
Oregon;Wheeler;375;144,6;56,8;1,754385965;11,9;0
Utah;Washington;408,4;124,8;34,65;6,593968853;17;0,491085917818221
Texas;Wood;417;167,6;48,45;6,943899568;17,3;1,7553617638893
Kentucky;Marshall;496,5;185,3;44,9;4,006754682;20,7;0,3552531965347
Michigan;Tuscola;459;181,9;43,4;6,304667879;18,8;0,764758206686953
Minnesota;Nicollet;453,5494221;133,3;35,65;5,329918283;13,1;1,23433003007268
Georgia;Irwin;434,9;192,8;38,65;5,602094241;27,6;3,38356841080222
Missouri;Bollinger;468,7;190,4;42,75;7,020802377;23,3;0,21736450233176
Kansas;Cloud;453,5494221;178,6;42,8;7,08200213;14,7;0,356492894768788
California;Fresno;412,6;152,8;31,4;6,004383506;30,8;1,80321784013978
Missouri;Grundy;444,5;209,2;41,25;7,829010567;17,3;0,598304909819099
Illinois;De;512,9;195,5;42,8;8,025966362;17,7;0,405709159658495
Tennessee;Dyer;408;185,6;40,6;6,483677849;21,9;2,66334533701904
Kentucky;Edmonson;490,6;202,5;42,5;2,563121653;22,7;0,90440709999431
South Dakota;Clark;429,4;138,4;44,8;6,386292835;14,4;0,675755437655094
Virginia;Amherst;427,4;183,9;43,55;5,278870946;18;2,96491512108679
Virginia;Williamsburg;1014,2;162,1;24,6;2,181467181;8,9;2,78976615181582
Iowa;Clayton;456,7;168,3;45,5;5,962622367;15,5;0,658695488446829
Illinois;Ogle;433,2;168;41,6;5,772258177;15,5;0,756940510361409
Florida;Union;1206,9;362,8;39,6;3,739774055;22,5;3,11758399642104
New York;Onondaga;525,9;180,4;38,75;4,874120242;17,7;2,49022307585072
Illinois;Adams;467,4;167,4;40,75;5,866611774;20,6;1,56548108696169
Utah;Uintah;365,5;133,2;29,65;9,686539644;10,2;0,467680869977844
Indiana;Allen;435,7;170,7;35,6;6,597186511;17,6;2,53156444445365
South Dakota;Hand;348,6;130,6;49,35;3,64298725;9,9;0
Iowa;Jones;445,7;154;43,35;5,726980992;14,6;1,07033023249266
Tennessee;Morgan;488,7;191,1;40,95;3,724928367;24,3;1,67017804776683
Arkansas;Poinsett;480,5;247,1;40,3;7,948482061;35;2,22670896494283
Michigan;Charlevoix;483,4;167,7;46,6;4,386136675;16,7;0,281598710016998
South Dakota;Lake;439,7;155,3;42,25;4,12979351;12,4;0,48276726760002
North Dakota;McIntosh;424,9;125,9;53,9;4,662004662;10;0,282321590958521
Ohio;Allen;456,6;185;38,25;6,237398089;19,5;2,56943491995971
North Dakota;Walsh;403,7;141;45,85;5,591612581;12,8;0,219411014858776
Georgia;Toombs;467,9;201,3;35,25;4,553734062;26,5;3,28439236796134
Mississippi;Pearl;495,5;208,6;40,7;4,728190104;21,3;2,67808171992704
South Carolina;Kershaw;474;219,4;41;6,021818182;18,8;3,25327124383802
Wisconsin;Clark;455,2;157,6;37,4;9,86429301;17,6;0,33839071801551
Virginia;Montgomery;396,2;153,3;27,9;3,135414054;8,7;1,67684182902725
Oklahoma;Okfuskee;463,9;237,1;40,1;7,418397626;27,5;2,17443250895035
Maine;Hancock;491,9;165,4;47,3;5,103569855;18,1;0,3928349119214
Oklahoma;Lincoln;393,5;198,3;40,8;5,677852349;20,1;1,01809287213696
Missouri;Reynolds;394,3;181,8;46,45;6,022187005;25,9;0,887482028362205
Montana;Yellowstone;475,8;168,9;37,95;5,116068139;14,4;0,528772555028723
Georgia;Jasper;476,7;169,3;39,6;3,74722134;23,4;3,10316413619072
Missouri;Callaway;477,4;180,1;37,8;4,53252418;12,4;1,54232491238111
Massachusetts;Plymouth;517,7;176;41,95;4,322689366;17,4;2,30456276211666
Oklahoma;Carter;472;206,1;38,45;5,886681383;20,7;2,07635578149014
Kentucky;Jefferson;519,9;191,1;38,05;5,584172261;17,9;3,07900302026805
Oklahoma;Johnston;415,2;215;40,75;5,684647303;26,6;1,05395980537846
Nebraska;Pierce;426,4;159,5;41,35;9,160305344;11,3;0,130324697418733
Minnesota;Mille;453,5494221;190;40,3;6,653151493;19,2;0,453266448314187
North Dakota;Logan;360,6;108,8;51,85;4,361370717;11,5;0,268868672558796
Virginia;Newport;457,2;191,9;32,8;5,236698785;16,5;3,72294123644367
Minnesota;Polk;453,5494221;184,4;39,2;7,867590454;17,9;0,768720145801358
Michigan;Dickinson;358,9;172,2;46,25;6,088280061;17,4;0,397591659700789
Alabama;Mobile;475,8;205,1;37;5,219663305;20,6;3,58477309389652
Missouri;Vernon;417;194,4;40,5;5,078698846;18,6;0,644618022425475
Colorado;Lake;357,5;152,5;38,95;4,060324826;20,1;0,0657093919632157
Nebraska;Johnson;425,6;185,6;43,75;4,337050805;14,6;2,094591345799
Louisiana;St.;461,5;212,5;39,15;3,087986464;26,8;3,98305385546535
Indiana;Hamilton;397,9;146,5;36,1;5,756462494;6,2;1,51915393249805
Illinois;Peoria;509,6;194,4;36,9;6,690267073;21,7;2,91942756472469
Alabama;Pickens;424,5;178;42,6;6,291165115;24,1;3,76965331443022
Georgia;Liberty;425,5;170,3;27,7;9,713596623;14,9;3,72554624315259
Nevada;Carson;453,5494221;193,5;42,8;4,262413265;18,7;0,675724524194815
Florida;DeSoto;392,9;160,4;40,1;8,085035152;30,9;2,65518934329025
Nebraska;Sheridan;356,1;169,9;46,5;5,360824742;17,8;0,360784358018659
Ohio;Muskingum;466,1;211,5;40,4;5,739536774;25,1;1,45684851310723
Kansas;Saline;453,5494221;175,6;37,95;6,843609637;14,5;1,43742279939442
Illinois;Crawford;536,7;191,5;42,75;3,962879358;19,7;1,51770456329731
Mississippi;Prentiss;428,8;203,2;39,3;4,867486575;27,1;2,72104654754199
Minnesota;Ramsey;453,5494221;166,5;34,6;6,13624584;20,5;2,49705874639417
Georgia;Jenkins;409,5;215;41,05;3,774792067;28,9;3,54197567172881
North Dakota;Ransom;447;181,4;44,35;9,291187739;8,8;0,461740165681602
Illinois;Pike;458,2;176;42,7;5,732087227;22,5;0,800413707972764
South Dakota;Roberts;365,5;179,9;39,15;7,142857143;21,2;0,34836370346669
Texas;San;464,5;215,4;43,55;5,042979943;21,6;2,51452149738454
Louisiana;Iberville;586,2;225,1;38,2;4,869631902;21,3;3,89483009697551
Arkansas;Searcy;445,8;219,4;46,8;4,102564103;29,5;0,243893503873733
Washington;Skamania;398,9;188,3;45,2;4,805591962;20,5;0,612463127768588
Nebraska;Colfax;394,5;163;34,4;6,487488415;14,2;1,1406728240399
Iowa;Webster;486,3;169,2;39,6;6,438050191;19,7;1,66786616955946
West Virginia;Marshall;456,3;184,6;44,7;3,174132305;17;0,62003340910181
Wyoming;Campbell;436,5;215,9;32,65;5,19665272;8,8;0,583026640048869
South Carolina;Clarendon;479,9;194,1;42,7;6,157946416;25,9;3,91101483159165
Oklahoma;McIntosh;456;202,4;47,4;5,188559858;24,9;1,50539145746467
Virginia;Fredericksburg;566,3;180,3;29,4;4,269052202;13,6;3,19047109271951
Oregon;Umatilla;430,1;181,2;35,95;6,342209979;23,7;0,530500995906753
California;Imperial;387,9;130,3;32,3;7,022539698;29,9;1,36155566311135
Louisiana;St.;516,9;233,1;33;5,677721702;20;3,1158489818547
Iowa;Des;508,3;170,1;42;5,598682663;20,1;1,86510682017089
Oklahoma;Seminole;484,1;208,9;39,55;6,579419147;24,8;1,79041770112637
West Virginia;Brooke;481,6;186,2;46,05;4,970530452;19,4;1,00985149980401
Arizona;Gila;339,2;163,3;48,75;6,179351922;29,4;0,543648817322495
Texas;Deaf;402;180,8;31,55;9,004952724;23,1;0,694575103093145
Minnesota;Meeker;453,5494221;151,2;42;6,093113066;13,4;0,36233574741478
West Virginia;Tucker;528,4;168,1;47,7;3,868613139;17,9;0,206598949859296
California;Napa;488,9;170,2;40,35;4,941095375;14,4;1,13089728731462
Montana;Lewis;430,2;159,7;41,1;5,247084953;13,2;0,422872678694772
Pennsylvania;Wayne;437,2;179,4;46,7;3,971422568;19;1,50602481709958
Tennessee;Henderson;467,1;204,5;40,35;4,405016825;25,5;2,15052114555886
New York;Yates;495,3;178,4;41,45;6,10380117;17,2;0,709157604966663
Arizona;Santa;296,2;132,8;36,2;6,643259725;27,9;0,300489263640074
California;San;423,1;168;32,5;6,007621442;26,1;2,25646242374948
Missouri;New;438,4;229,7;40,4;5,174548155;26,2;2,84251221639643
Arkansas;Lafayette;364,1;195,2;44,85;3,516921035;26,9;3,66862762007952
Wisconsin;Pierce;278,5;149,8;35,95;4,109589041;12;0,395620819712296
Minnesota;Watonwan;453,5494221;159,7;39,65;3,17533364;16;0,468170032985089
Colorado;Archuleta;389,4;105,2;49,8;4,115421003;23,6;0,643728430746946
Pennsylvania;Warren;496,8;179,3;46,05;5,312538077;14,8;0,400881273706443
Texas;Nueces;400,2;163,6;34,95;5,753453598;21,6;1,61942030297137
North Dakota;Cass;462,5;143,4;31,95;6,444608704;8,8;1,43009039033155
Tennessee;Trousdale;462,6;217;39,9;9,777777778;23,6;2,56193972073733
Florida;Okaloosa;430,2;182,8;36,9;5,717229536;14;2,31697719682905
Pennsylvania;Lehigh;484;168,4;39,4;5,408652416;17,9;2,01900050185495
Georgia;Bibb;480,8;199,3;35,8;5,466863951;24,1;3,99066348385299
Nevada;Mineral;453,5494221;254,3;48,6;9,518477044;21,6;0,839003750729353
North Dakota;Stutsman;471;172,5;40,9;5,223193741;11,5;0,419973134559334
California;Yolo;428,2;158,9;30,95;4,109357003;16,2;1,28343355912851
New York;Delaware;461;160,7;46,35;4,154951578;20,7;1,08787993443435
North Dakota;Eddy;532,1;227,6;48,25;8,208955224;14,2;0
Missouri;Lincoln;468,8;191,5;36,55;5,393137406;15,1;1,07099835977704
Utah;Duchesne;448,1;155,5;30,25;10,01338091;9,4;0,158344613551172
Georgia;Clay;405,8;153,9;40,45;14,87889273;34,2;4,12794466522781
Florida;Suwannee;421,4;198,7;42,05;3,38904364;27,4;2,67662530136996
Missouri;Mercer;405,5;180,7;44,15;4,787961696;16,5;0,545920653363483
Wisconsin;Richland;420,9;168,7;44,1;7,105568445;18,9;0,546342009554951
Texas;Lipscomb;318,9;106,1;35;10,1488498;10,3;0,317173973669094
Georgia;Fannin;448,7;182,8;50,05;4,835115865;26,7;0,238673916461358
Oregon;Columbia;449;185,7;42,9;4,225482912;17,3;0,389210008926605
Missouri;Harrison;473,6;186,1;42,25;6,972477064;21,5;0,614336229254629
Kansas;Woodson;453,5494221;293,9;47,75;6,818181818;17,5;0,42489517189353
Arkansas;Sharp;493,4;190,4;47,2;6,62707096;31,5;0,339733654554019
Louisiana;West;429;148,2;40,2;6,799830004;18;3,84406986023843
Alabama;Clarke;453,8;194;41,15;2,570564516;24,3;3,83421884876199
Texas;Coryell;446,1;184,5;30,7;6,044769217;10,6;2,78205082935192
Alabama;Tallapoosa;454,4;200,5;42,85;5,462418119;23,5;3,35728812540816
West Virginia;Jefferson;423,7;178,2;39,6;4,995519713;14,6;2,07513536589894
North Carolina;Granville;519,2;188,4;41,75;5,909161131;20,3;3,46832519674549
Iowa;Van;463,5;181,9;44,8;7,260963336;19,5;0,473428865171806
Nevada;Storey;453,5494221;132,6;54,8;1,17820324;13,2;0,359546865720632
Georgia;Taylor;381,3;161,2;41,45;3,978779841;25,4;3,69499392110238
Michigan;Menominee;310,1;185;47,35;5,558035714;20,1;0,235571797321065
Georgia;Morgan;471,5;172,3;43,15;3,7027833;17;3,18547501469712
New York;Oneida;501,5;173,9;41,15;5,551134489;23,7;1,94893449140379
New Jersey;Cumberland;511,3;189,6;37,2;5,846434788;24;3,06686229776897
Texas;Fannin;410,4;179,1;41,35;4,543403039;19,1;2,05455519508987
Wisconsin;Shawano;457,1;168;44,4;4,11444786;19,1;0,253648182623241
Virginia;York;389,3;152,3;39,1;4,925163106;6,2;2,67481400251282
Montana;Cascade;453,7;165,2;38,05;5,796213808;17;0,807608562070755
Illinois;Menard;486,6;199,6;42,65;5,225019069;17,3;0,639769155156295
Louisiana;Calcasieu;490,4;192,2;36,1;6,064227035;19,6;3,25434421570339
Ohio;Highland;427;199,8;40;6,779300818;26,7;0,86734767225681
Georgia;Elbert;454,2;176,8;41,4;7,219802888;27,3;3,44448263458886
New Hampshire;Grafton;435,5;155;41,8;6,078496198;14;0,626975377009184
Tennessee;Blount;494,2;172,5;42,45;4,324151185;17,5;1,36149829879753
Ohio;Lorain;465,9;182,1;40,95;4,894050891;18,5;2,23709680619849
New York;Jefferson;500,8;177;32,05;7,816390603;19,8;1,87579275272111
Texas;Cherokee;454,8;174,1;37,85;5,031504818;22,5;2,74584394726322
Washington;Columbia;476,2;194,4;49,3;5,205479452;26,2;0,300819265899309
Tennessee;Wayne;434,8;201,4;43,05;6,408629442;27;1,97028122954166
Ohio;Pike;468;217,9;40,85;5,373276272;31,4;0,529027739750518
Texas;Wheeler;434,9;193,7;39,05;7,705934455;13;1,18735271848399
Minnesota;Waseca;453,5494221;163;38,9;6,458604248;15,5;1,33067658013075
Illinois;McLean;472,1;168,5;32,7;4,528860796;12,6;2,19747357944373
Virginia;Henry;437,1;194,2;45,55;6,007452513;22,2;3,14760900119629
North Dakota;Pierce;357,4;106,5;47,5;9,305373526;9;0,420893448157601
Iowa;Keokuk;466,9;169,3;44,3;5,769230769;20,8;0
Pennsylvania;Delaware;525,2;187,4;38,75;5,543922993;14,6;3,08038926548629
Michigan;Baraga;395,4;182,5;44,15;4,516129032;17,3;2,97003080941899
Alabama;Marengo;458,4;190,3;42;4,656703487;23,7;3,95944364784968
Texas;Wise;389,3;180;39,2;7,013024188;16;0,782564779066885
Texas;Castro;376,9;163,3;34,55;7,665301346;23;0,448639642674807
New Mexico;Union;303;151,6;41,7;3,536585366;28,1;1,34410543068495
Kansas;Cheyenne;453,5494221;150;49,45;10,77586207;9,7;0
North Dakota;Bottineau;430,4;174,1;45,45;4,568106312;8,9;0,636237011022477
Virginia;Grayson;355,3;196;47,8;6,072477963;26,7;1,31960021883291
Indiana;Posey;450,8;168,7;42,65;6,012884753;11,7;0,844119079412119
Illinois;Kane;446,2;156,6;35,9;5,683202717;18,3;1,87873258313844
Arkansas;Woodruff;492,6;215,9;43,75;5,860805861;34,3;3,3237762606255
New Mexico;San;356,1;136,7;34,15;6,09617959;24,4;0,439681297702366
Nebraska;Dakota;396;177,8;33,65;9,833738848;16,8;1,63608237151754
Georgia;Berrien;426,9;180,7;39,25;5,015887426;22;2,52016717516826
Ohio;Fulton;359,6;181,2;39,35;6,632331301;14,3;0,449328254753991
Kansas;Rawlins;453,5494221;177,8;50,55;10,28708134;12,4;0,302793254756314
Arkansas;Miller;423,4;212,3;38,25;7,403380449;23,9;3,25491955637075
South Carolina;Chesterfield;428,1;206,2;40,8;4,348232654;26,8;3,53224184890802
Texas;Hays;399,8;149,5;31;4,207066557;10,6;1,51035653698199
Iowa;Worth;470;136,5;44,8;8,33867864;16,1;0,67560696647587
Florida;Gilchrist;383,8;209,2;41,15;6,283213504;22,5;1,96049920085132
Wisconsin;Oconto;483,9;184,3;45,4;5,631220534;17,3;0,21952938567864
South Carolina;Fairfield;460,4;201,9;44,15;2,009646302;26,3;4,06798317006416
Missouri;Ray;472,9;204,2;41,6;4,663623735;14,5;0,85641156626119
Alabama;Dale;459,6;189,1;36,7;4,908292431;18;3,02765034877349
South Dakota;Hamlin;403,4;145,4;36,05;11,43878463;12,5;0,110662383882451
Minnesota;Wilkin;453,5494221;122,5;43,8;7,810107198;12,7;0,278986700038756
Oregon;Polk;469,8;165,5;37,45;4,832893816;18,2;0,518489286938728
Arizona;La;332;126,1;54,85;4,686489981;31,3;0,179572103843222
Ohio;Montgomery;451,9;186,9;39,35;5,362001513;22,4;3,07504820642146
Ohio;Williams;412,3;185,1;41,6;7,598197038;18,7;0,78647117556813
Massachusetts;Hampden;442,9;180;38,55;4,653517654;29,2;2,26769832076863
Texas;Terry;424,4;178,9;34,4;2,46365105;25,7;1,79261299736926
Idaho;Custer;447,3;160,5;51,35;3,808180536;14;0
Nebraska;Kearney;440,9;136,4;41,5;12,76119403;10,6;0,14210273796555
Florida;Citrus;452,5;184,3;55,25;3,923080412;24,4;1,38439142468428
North Carolina;Davidson;488,6;177,5;41,55;5,03246323;21;2,33482829648016
Georgia;Oconee;465,6;140,8;39,55;3,593692703;8,7;1,93126859906911
Illinois;Lee;484,1;194,2;42,5;5,709342561;15;1,80623813333663
New York;Montgomery;511;170,1;40,75;6,043704855;26,2;1,1408451277989
New Jersey;Monmouth;529,6;168,6;42,25;4,571872443;10,7;2,11459766687395
California;Tehama;473,2;174;40,65;4,096971483;28;0,41098149217855
Georgia;Richmond;453,5;197,6;33,6;6,251597303;23,4;4,02232154519194
Texas;Baylor;458,2;212,3;48,2;6,068601583;13,3;1,06535684235933
Louisiana;Orleans;466;193,6;35,4;5,131693567;25,8;4,103287619609
Michigan;Jackson;473,5;193,8;40,5;5,040777373;19,9;2,25395575186689
South Dakota;Brown;405,4;154,6;37,9;4,909236214;13,3;0,918495341535446
Texas;Armstrong;435,7;213,4;45,45;2,949061662;11,7;0,781037395841383
Alabama;Geneva;488;200,3;42,4;5,630397237;24,4;2,29270990382167
Georgia;Bulloch;418,9;184,2;26,7;3,911889349;15,7;3,38218636196199
Montana;Daniels;444;197,5;50,15;7,560137457;11,7;0
Arkansas;White;473,3;201,4;36,1;5,493655215;20,9;1,72109435657489
Texas;Andrews;401,3;182,2;32,1;10,78180889;14,6;1,08561210561687
Iowa;Decatur;458,3;209,1;37,35;5,356186395;20,9;0,987700367991425
Wisconsin;La;457,2;160;35,4;4,937288473;13,7;0,870947562227151
Virginia;Russell;365,4;212;43,9;3,255738239;23,5;0,711650799804494
Texas;Kimble;376,8;183,1;53,3;6,469002695;16,7;0,0220467485479011
Minnesota;Brown;453,5494221;161,5;43,6;5,656722201;11;0,37085846929627
Mississippi;Humphreys;560,9;220,9;34,9;9,134847753;39,8;4,33599202047455
Mississippi;Scott;535,9;211;35,85;5,869989491;24,9;3,64625345131757
Wyoming;Carbon;426,1;151,5;39;5,625;13;0,879837898237724
Michigan;Emmet;489,1;168;44,2;5,055523086;16,2;0,558516216199363
Minnesota;Kittson;453,5494221;168,3;48,15;6,869220608;16,2;0,47167633636583
Mississippi;Marshall;438,7;213,6;39,6;3,7384301;26;3,88360882750617
Arkansas;Hempstead;380,6;185;38,7;6,208291203;30,3;3,42807736411627
New Mexico;Sierra;424,2;190,3;55,6;8,198614319;27,8;0,375903435862501
Michigan;Gogebic;324,9;195,2;48,2;2,773556231;21,8;1,71721713865181
Missouri;Morgan;425,7;203,7;46,65;6,885245902;21,3;0,806939293735521
New York;Livingston;462,2;172;40,25;5,026285421;15,8;1,23809485289039
Georgia;Lumpkin;536,1;158,1;36,05;3,509433962;15,4;1,18290246797207
Texas;Sutton;350,1;138,2;35,85;6,41025641;9;0,504146788919354
Iowa;Mahaska;482,1;190,3;39,75;3,880659295;16,7;0,868853465445726
Michigan;Oakland;495,7;159,6;40,75;5,31040591;11,3;2,70029666531354
New York;New;463,9;145,2;36,6;3,548717991;19,7;2,77390707845121
California;Colusa;400,2;153,3;34,05;6,602564103;30,9;0,533998677142538
Mississippi;Jefferson;464,5;216,1;43,35;7,061933535;28,4;4,13090794137849
Kentucky;Fayette;496;176;34,1;4,844986927;14,7;2,74304799874732
Alaska;Kodiak;416,6;181,9;32,35;6,768558952;14,6;0,386852640450945
Nevada;Douglas;453,5494221;145,2;49,35;5,193753615;12,9;0,441084315412886
Illinois;Livingston;519;176,6;41,45;7,034382214;18,9;1,8595239958972
Mississippi;Leake;475,7;236;34,95;4;25,4;3,74619628226679
Virginia;Pulaski;390,6;185,8;45,5;6,174957118;16,7;1,92175608461114
South Carolina;Beaufort;442,1;146,9;42,8;6,319887594;16,8;2,97612108768173
Idaho;Valley;410,8;131,6;49,4;1,604584527;19,4;0,0403280450272881
Texas;Burnet;419,3;160;43,9;4,124513619;19,2;1,20870064644637
Virginia;Alleghany;401,8;189,5;47,1;8,070065687;18,9;1,839068531075
Oregon;Marion;470,8;168,9;35,95;6,037989127;22,9;0,703825932683575
South Dakota;Moody;403,5;166;41,05;10,9939759;15,9;0,565874862425631
Ohio;Portage;458,7;186,3;37,5;3,908475144;15,5;1,58999339945133
Minnesota;Wadena;453,5494221;187,9;43,15;5,574778931;25,1;0,668907804704785
Michigan;Hillsdale;396,3;187,5;42;6,309693152;18,9;0,491337729072309
Virginia;Prince;410,4;188,8;31,75;7,608005083;16;3,52376885207345
Nebraska;Platte;424,5;155,1;37,85;5,33869116;9,9;0,24350947091188
Louisiana;Livingston;494,6;186,5;35,4;5,711293942;18,8;1,966708875738
Texas;Henderson;457,8;190;43,1;5,769695505;21,8;2,05459610031799
Georgia;Candler;372,4;174,8;36,7;3,962338172;25,7;3,23311893606588
South Carolina;Pickens;470,4;165,3;35,7;4,192927752;17,4;2,03761278872542
Utah;Rich;347,2;166,4;34,25;7,99086758;17,4;0,083660802160996
Virginia;Virginia;435,6;168,1;35,25;5,841796248;9,2;3,01102771362701
Mississippi;Jones;446,7;178,6;36,75;8,134642356;27,6;3,39684084371649
Arkansas;Cleveland;462,3;163,4;42,25;3,533190578;24,7;2,48382890506307
New Jersey;Warren;485,9;175,1;42,55;4,839230894;12,4;1,63229592414856
Nebraska;Howard;450,8;155,2;43,15;10,27070064;11,5;0,10461973384672
Louisiana;Webster;485,3;205;40,8;6,027155315;25,1;3,56460589576219
Ohio;Champaign;462,1;190,1;41,25;4,636217581;17,8;1,0634257697065
Iowa;Washington;479,6;160,4;41,6;9,453503746;15,8;0,604958334261693
Texas;Brazoria;429,3;169,3;35,4;6,533051164;12,5;2,63885642157745
Tennessee;Fayette;471,4;174,7;43,75;5,28264626;15,6;3,35514705849813
Michigan;Kalkaska;469,6;200,7;44,4;4,369071572;22,1;0,521677727305863
Virginia;Rockbridge;338;159,2;48,15;6,476146578;15,6;1,35309008784084
Oregon;Jackson;441,7;172,4;42,75;5,016549209;24,4;0,551154549547832
New York;Wyoming;577,4;181,1;41,5;4,815216083;16,1;1,90555078381515
Texas;Bee;341;151,6;35,6;8,618283322;23,1;2,27422820758599
Oregon;Union;453,6;169;40,15;5,602240896;20,7;0,523255336627568
Kentucky;Bath;564,2;238,5;40,1;4,990825688;29,7;0,969389041880423
Georgia;Sumter;460;181,7;34,6;6,812933025;31,3;3,96390319682795
Wisconsin;St.;315,2;163,8;37,55;6,401613935;10,6;0,551029298461936
Texas;Kleberg;445,2;164,1;28,65;5,244100387;18,7;1,61989847982714
Nebraska;Garden;419,3;128,2;51,7;4,705882353;15;0,152346687325111
Texas;Yoakum;412,1;158,8;33,85;5,57582074;16,6;0,890663797551139
California;Trinity;455,5;189,4;50,3;1,470588235;30,2;0,755718520877971
Minnesota;Pennington;453,5494221;174,2;38,45;5,893845653;17,6;0,977723798199481
West Virginia;Randolph;405,2;168,6;43,4;4,231027535;23,4;1,07297280638809
North Dakota;Mountrail;485,1;196,8;35;5,573419078;7,9;0,112328509404941
North Carolina;Columbus;417,5;193,6;41,5;5,168210629;25,9;3,44825813093789
Utah;Emery;339;113,2;34,55;7,28003573;12,5;0,155108993355277
Montana;Wheatland;382;149,4;46,15;5,066666667;16,7;0
Indiana;Newton;427,8;194,1;43,05;5,900305188;17,4;0,244859518771835
Georgia;Quitman;527,2;250;49,5;8,61618799;27,8;3,91653559416697
Oklahoma;Greer;442,7;174,7;42,9;9,857723577;16,4;2,10528183457948
Alabama;Franklin;421,7;198,2;38,35;3,264508929;21,7;1,7770579270364
Texas;Bell;475,2;177,3;30,1;5,835105126;13,7;3,11496172886316
South Dakota;Beadle;424,4;161,7;38,85;6,529752501;18,2;0,22569423634958
Tennessee;Roane;492,7;198,7;46,15;3,126436782;21,9;1,29225401927996
New York;Cortland;522;181,4;36,05;3,084671073;15,4;1,01732897025521
Texas;Dickens;300,1;151,4;44,9;6,788511749;17,3;1,95922377116369
Washington;Adams;340,3;135,7;29,1;9,861143799;30,5;0,185974711723836
Texas;Haskell;387,4;172,4;45,05;4,519119351;23,9;1,45003970511938
Texas;Runnels;423;174,2;42,15;3,956148713;20,2;1,12413352273491
North Carolina;Moore;483,6;160,3;44,65;3,694753236;19,5;2,59149511495713
Nebraska;Greeley;404,4;149;46,1;6,637168142;17,1;0,522709495608563
Texas;Martin;331,3;153,2;32,55;2,11038961;12,5;1,20084529877497
Kansas;Lane;453,5494221;148,6;44,55;10,02949853;11,2;0,306324423210929
Maryland;Carroll;456,2;171,1;42,05;4,31864301;9,8;1,44763117115244
Kansas;Stafford;453,5494221;126;43,75;6,165919283;19,8;0,679160938472529
Michigan;Alger;419,3;154,2;48,75;2,429149798;18,6;2,16737587795523
Minnesota;Fillmore;453,5494221;152,7;43,05;5,655206776;14,3;0,342035856658976
North Carolina;Anson;431,1;186,1;40;9,115971329;25,5;3,90825467437889
Iowa;Cherokee;438,1;135,4;46,5;3,505447655;11,8;0,375405041574664
Nebraska;Webster;495,5;162,7;47,25;3,524229075;17,7;0,0526853461837042
Mississippi;Grenada;541,3;225,1;39,85;1,946661476;23,9;3,79807898556166
Michigan;Crawford;416,1;178,6;49,25;3,797949107;21,6;0,378845486978877
Connecticut;Windham;431,4;172,2;40,4;3,936336507;21;1,17259256054945
New York;Hamilton;526,9;194,2;52,2;4,529616725;13,6;0,408262312947103
Mississippi;Pontotoc;468,2;180,8;37,1;5,189340813;21;2,78347600757833
New Mexico;Los;406,2;114,5;43,45;5,543652919;4,2;0,395399193682139
Pennsylvania;Snyder;474,1;159,2;39,3;4,883318928;13,4;0,698799656177175
Illinois;Grundy;530,2;193,1;37,4;4,804003336;14,3;0,89769699233064
Kentucky;Martin;529,6;270,4;38,7;4,36746988;39,7;1,7450986965445
Minnesota;Todd;453,5494221;147,2;43,05;7,800672834;18,4;0,25162319905075
North Carolina;Yadkin;449,1;179,7;42,8;6,549178376;21,8;1,47739752382473
North Carolina;Chatham;427,6;146,8;46,2;5,81829259;16,7;2,58608862951151
Georgia;Grady;434,1;199,1;38,95;3,794871795;27,9;3,39238128315089
Illinois;Marshall;490,6;164,3;45,6;5,503465145;16,5;0,469808506460523
Iowa;Story;451,8;152,5;26,25;3,565762635;7,8;1,23251670891751
New Jersey;Ocean;524,9;174,2;42,75;6,13243835;19;1,4104036450706
Kentucky;Leslie;558,3;262,7;41,7;3,237555645;33,4;0,519986048467997
North Dakota;McKenzie;254,7;124,6;32,25;8,189655172;9,2;0,588248798657419
Tennessee;Pickett;483,4;160;49,05;8,686210641;21,8;0,55706200981818
Montana;Flathead;516,8;150,6;42,15;6,812139453;15,5;0,268117756727143
Texas;Montague;434,5;209,9;43,8;8,863294942;14,8;0,134314020666287
Michigan;Oscoda;404,3;199,5;51,35;5,041436464;20,6;0,363379090741969
New York;Schuyler;510,4;184,2;45,35;4,740817921;21,8;0,750924028491215
Oklahoma;Canadian;499,8;169,8;35,7;5,36432284;11,6;1,19285595206716
New York;Cayuga;470,8;158,6;42,6;5,470136014;17,9;1,67803444226807
Pennsylvania;Pike;461,5;157,4;46;5,499704317;16,1;1,92734442127201
Indiana;Boone;429,3;187,2;38,5;6,821562655;8,9;0,806227651135649
Rhode Island;Washington;492,3;162,2;43,25;3,127101547;11,2;0,903207616335402
Texas;Hutchinson;422,7;158,9;37,4;7,239057239;18,8;1,31552056284884
Wisconsin;Dane;430,7;153,8;34,65;4,458527742;10,2;1,82444508920276
Indiana;Knox;487,1;183,5;38,55;3,923660503;18,7;1,37979702356268
Texas;Archer;289,2;138,8;44,05;3,583061889;12,5;0,711264333830701
Kentucky;Pulaski;523,2;219,5;42,05;6,00624025;23,8;0,686564708548184
Nebraska;Buffalo;443,6;159,1;32,65;4,894004637;9,7;0,776542968678472
Virginia;Norfolk;480,5;193,6;30,4;6,373340936;18,7;3,76458782557024
Texas;Concho;330,7;156,8;43,15;11,55660377;24,3;0,414722177589077
Virginia;Westmoreland;450,9;179,9;46,9;3,666942377;16,8;3,37493421927886
Georgia;Randolph;374,8;127;39,5;10,85271318;30,8;4,14133206320505
Arizona;Mohave;444,9;196,6;49,15;4,575797025;29,2;0,754738026725372
